Count of order_id,invoice_total,order_date
31,6158,2026-09-01 00:00:00
31,4405.709999999999,2026-09-02 00:00:00
23,12720.659999999998,2026-09-03 00:00:00
29,29566.429999999993,2026-09-04 00:00:00
7,817.13,2026-09-05 00:00:00
11,2945.02,2026-09-06 00:00:00
20,2691.2,2026-09-07 00:00:00
23,4853.55,2026-09-08 00:00:00
23,4818.24,2026-09-09 00:00:00
30,5052.97,2026-09-10 00:00:00
19,4324,2026-09-11 00:00:00
8,1322,2026-09-12 00:00:00
8,1128.8,2026-09-13 00:00:00
32,5115.759999999999,2026-09-14 00:00:00
25,3807.0600000000004,2026-09-15 00:00:00
23,2875.5,2026-09-16 00:00:00
23,2418.5499999999997,2026-09-17 00:00:00
21,6510.309999999999,2026-09-18 00:00:00
5,2792,2026-09-19 00:00:00
7,876.5,2026-09-20 00:00:00
31,4892,2026-09-21 00:00:00
26,5560.5,2026-09-22 00:00:00
17,3561.6000000000004,2026-09-23 00:00:00
5,1801,2026-09-24 00:00:00
21,3970.6000000000004,2026-09-25 00:00:00
10,974.83,2026-09-26 00:00:00
13,7060.549999999999,2026-09-27 00:00:00
36,6520.53,2026-09-28 00:00:00
10,6150.41,2026-09-29 00:00:00
