product_group,product,product_type,is_hidden
1-grid Server Backup,1-grid Server Backup,server,false
Broadband ADSL,DISCONTINUED - 1GB ADSL,other,true
Broadband ADSL,DISCONTINUED - 3GB ADSL,other,true
Broadband ADSL,DISCONTINUED - 5GB ADSL,other,true
Broadband ADSL,DISCONTINUED - 8GB ADSL,other,true
Broadband ADSL,DISCONTINUED - 2GB ADSL,other,true
Broadband ADSL,DISCONTINUED - 20GB ADSL,other,true
Broadband ADSL,DISCONTINUED - 13GB ADSL,other,true
Business Email,Email Pro,hostingaccount,false
Business Email,Email Basic,hostingaccount,false
Business Email,Email Lite,hostingaccount,false
Business Email,Business-in-a-box - Email Lite,hostingaccount,false
Business Email,DISCONTINUED - Business-in-a-box - Email Essentials,hostingaccount,false
Business Email,DISCONTINUED - Business-in-a-box - Email PRO,hostingaccount,false
Business VPS Hosting,Business VPS: Small,server,false
Business VPS Hosting,Business VPS: Medium,server,false
Business VPS Hosting,Business VPS: Large,server,false
Business VPS Hosting,Business VPS: X Large,server,false
Business VPS Hosting,DISCONTINUED - Website Builder - Reseller: Small,server,false
Business VPS Hosting,Business VPS: XX Large ,server,false
Capped ADSL,DISCONTINUED - ADSL 1GB,other,true
Capped ADSL,DISCONTINUED - ADSL 5GB,other,true
Capped ADSL,DISCONTINUED - ADSL 10GB,other,true
Capped ADSL,DISCONTINUED - ADSL 25GB,other,true
Capped ADSL,DISCONTINUED - ADSL 50GB,other,true
Capped ADSL,DISCONTINUED - ADSL 75GB,other,true
Cloud Hosting,DISCONTINUED - Go Cloud,other,true
Cloud Hosting,DISCONTINUED - Base Cloud,other,true
Cloud Hosting,DISCONTINUED - Pro Cloud,other,true
Cloud Hosting,DISCONTINUED - Extreme Cloud,other,true
Cloud Hosting,DISCONTINUED - Monster Cloud,other,true
Cloud Hosting,DISCONTINUED - Super Cloud,server,true
Commercial Hosting Packages (Legacy),DISCONTINUED - [US] Windows Basic,hostingaccount,true
Commercial Hosting Packages (Legacy),DISCONTINUED - [US] Windows Standard,hostingaccount,true
Commercial Hosting Packages (Legacy),DISCONTINUED - [US] Windows Elite,hostingaccount,true
Commercial Hosting Packages (Legacy),DISCONTINUED - [SA] Windows Basic,hostingaccount,true
Commercial Hosting Packages (Legacy),DISCONTINUED - [SA] Windows Standard,hostingaccount,true
Commercial Hosting Packages (Legacy),DISCONTINUED - [SA] Windows Elite,hostingaccount,true
Commercial Hosting Packages (Legacy),DISCONTINUED - [SA] Windows Corporate,hostingaccount,true
Commercial Hosting Packages (Legacy),DISCONTINUED - [SA] Windows Micro,hostingaccount,true
Commercial Hosting Packages (Legacy),DISCONTINUED - [US] Windows Micro,hostingaccount,true
Commercial Hosting Packages (Legacy),DISCONTINUED - [US] Media,hostingaccount,true
Commercial Hosting Packages (Legacy),DISCONTINUED - [US] Corporate Platinum,hostingaccount,true
Commercial Hosting Packages (Legacy),DISCONTINUED - [SA] Corporate Platinum,hostingaccount,true
Commercial Hosting Packages (Legacy),[US] Cafe,hostingaccount,true
Commercial Hosting Packages (Legacy),DISCONTINUED - [SA] Cafe,hostingaccount,true
Commercial Hosting Packages (Legacy),DISCONTINUED - [US] Store,hostingaccount,true
Commercial Hosting Packages (Legacy),DISCONTINUED - [SA] Store,hostingaccount,true
Commercial Hosting Packages (Legacy),DISCONTINUED - [US] Enterprise,hostingaccount,true
Commercial Hosting Packages (Legacy),DISCONTINUED - [SA] Enterprise,hostingaccount,true
Commercial Hosting Packages (Legacy),DISCONTINUED - [SA] Media,hostingaccount,true
Commercial Hosting Packages (Legacy),DISCONTINUED - [SA] myPHP,hostingaccount,true
Commercial Hosting Packages (Legacy),DISCONTINUED - [US] myPHP,hostingaccount,true
Commercial Hosting Packages (Legacy),DISCONTINUED - [SA] WinLite,hostingaccount,true
Commercial Hosting Packages (Legacy),DISCONTINUED - [US] WinLite,hostingaccount,true
Commercial Hosting Packages (Legacy),DISCONTINUED - [SA] SqlNet,hostingaccount,true
Commercial Hosting Packages (Legacy),DISCONTINUED - [US] SqlNet,hostingaccount,true
Commercial Hosting Packages (Legacy),DISCONTINUED - [SA] Micro Plus,hostingaccount,true
Commercial Hosting Packages (Legacy),[US] Micro Plus,hostingaccount,true
Commercial Hosting Packages (Legacy),DISCONTINUED - [SA] Linux: Micro,hostingaccount,true
Commercial Hosting Packages (Legacy),DISCONTINUED - [SA] Linux: Basic,hostingaccount,true
Commercial Hosting Packages (Legacy),DISCONTINUED - [SA] Linux: Essentials,hostingaccount,true
Commercial Hosting Packages (Legacy),DISCONTINUED - [SA] Linux: Elite,hostingaccount,true
Commercial Hosting Packages (Legacy),DISCONTINUED - [SA] Linux: Enterprise,hostingaccount,true
Commercial Hosting Packages (Legacy),DISCONTINUED - [SA] Linux: Platinum,hostingaccount,true
Commercial Hosting Packages (Legacy),DISCONTINUED - [US] Linux: Micro,hostingaccount,true
Commercial Hosting Packages (Legacy),DISCONTINUED - [US] Linux: Basic,hostingaccount,true
Commercial Hosting Packages (Legacy),DISCONTINUED - [US] Linux: Essentials,hostingaccount,true
Commercial Hosting Packages (Legacy),DISCONTINUED - [US] Linux: Elite,hostingaccount,true
Commercial Hosting Packages (Legacy),DISCONTINUED - [US] Linux: Enterprise,hostingaccount,true
Commercial Hosting Packages (Legacy),DISCONTINUED - [US] Linux: Platinum,hostingaccount,true
Commercial Hosting Packages (Legacy),DISCONTINUED - [US] waEndCustom,hostingaccount,true
Commercial Hosting Packages (Legacy),[US] DNS Plan,hostingaccount,true
Commercial Hosting Packages (Legacy),Dedicated Domain Management,hostingaccount,true
Commercial Hosting Packages (Legacy),DISCONTINUED - [US] Windows Corporate,hostingaccount,true
Company Registration,Company Registration,other,true
Custom (Legacy),DISCONTINUED - [US] Email Hosting,hostingaccount,true
Custom (Legacy),DISCONTINUED - Domain Parking,hostingaccount,true
Custom (Legacy),[US] Domain Parking,hostingaccount,true
Custom Packages,Bespoke - Managed Business VPS ,server,true
Custom Packages,ALY78 2x Server(2U) Mobicred Cluster,server,true
Custom Packages,PRX02-WIN10 Custom Enterprise Server,server,true
Custom Packages,MoyaApp - Enterprise Hosting Solution,other,true
Custom Packages,ALY78 - 2 x Server(2U) Mobinow Cluster,server,true
Custom Packages,Orphan,other,true
Dedicated IP Addresses,Dedicated IP Address,other,false
Dedicated IP Addresses,Dedicated IP Address,other,true
Dedicated Servers,Server,server,false
Dedicated Servers,Server+,server,false
Dedicated Servers,Managed,server,false
Dedicated Servers,Managed+,server,false
Dedicated Servers,IP Transit,server,false
Dedicated Servers,Enterprise Server,server,false
Dedicated Servers,Enterprise Server+,server,false
Dedicated Servers,1U Rack Space,server,false
Dedicated Servers (OLD),DISCONTINUED - Pro Dedicated Server,server,true
Dedicated Servers (OLD),DISCONTINUED - Dedicated Server Special Shout Media,server,true
Dedicated Servers (OLD),DISCONTINUED - Dedicated Server Special Popular Demand,server,true
Dedicated Servers (OLD),DISCONTINUED - Basic Dedicated,server,true
Dedicated Servers (OLD),DISCONTINUED - Standard Dedicated,server,true
Dedicated Servers (OLD),DISCONTINUED - Pro Dedicated,server,true
Dedicated Servers (OLD),DISCONTINUED - Elite Dedicated,server,true
Dedicated Servers (OLD),DISCONTINUED - tr-custombuildxeon,server,true
Dedicated Servers (OLD),DISCONTINUED - Victorious Technologies,server,true
Dedicated Servers (WA Legacy),DISCONTINUED - Nitro Managed+,server,true
Dedicated Servers (WA Legacy),Nitro Managed,server,true
Dedicated Servers (WA Legacy),DISCONTINUED - Nitro Server+,server,true
Dedicated Servers (WA Legacy),Nitro Server,server,true
Dedicated Servers (WA Legacy),DISCONTINUED - [SA] Dedicated: Fully Managed,server,true
Dedicated Servers (WA Legacy),[SA] Dedicated Server: Semi Managed,server,true
Dedicated Servers (WA Legacy),DISCONTINUED - [SA] Dedicated Server: Semi Managed (High Bandwidth),server,true
Dedicated Servers (WA Legacy),DISCONTINUED - [SA] Dedicated: Fully Managed (High Bandwidth),server,true
Dedicated Servers (WA Legacy),DISCONTINUED - Wa Dedi Server,server,true
Dedicated Servers (WA Legacy),DISCONTINUED - [US] Dedicated Server: Standard,server,true
Dedicated Servers (WA Legacy),DISCONTINUED - [US] Dedicated Server: Elite,server,true
Dedicated Servers (WA Legacy),DISCONTINUED - [US] Dedicated: Fully Managed,server,true
Dedicated Servers (WA Legacy),DISCONTINUED - [US] Dedicated Server: Sun X4100 Semi-Managed,server,true
Dedicated Servers (WA Legacy),DISCONTINUED - [US] Dedicated Server: Sun X4100 Fully-Managed,server,true
Do it For Me - Website Design,Do It For Me - Website Design old one,hostingaccount,false
Do it For Me - Website Design,Do It For Me - Website Design (DIFM Basic),hostingaccount,false
Do it For Me - Website Design,Do It For Me - Website Design (DIFM Standard),hostingaccount,false
Do it For Me - Website Design,Do It For Me - Website Design (DIFM Premium),hostingaccount,false
Do it For Me - Website Design,WB Hosting Small,hostingaccount,false
Do it For Me - Website Design,Website Migration Once-off,other,false
Do it For Me - Website Design,WB Mail,other,false
Do it For Me - Website Design,WB  Hosting Medium,hostingaccount,false
Do it For Me - Website Design,WB  Hosting Large,hostingaccount,false
Domain,Resale domains,hostingaccount,false
Domain Addition,Website Builder: Small,hostingaccount,false
Domain Addition,Website Builder: Medium,hostingaccount,false
Domain Addition,Website Builder: Large,hostingaccount,false
Domain Addition,Linux Hosting: Medium,hostingaccount,false
Domain Addition,DISCONTINUED - Linux Hosting: Medium 2.0,hostingaccount,false
Domain Addition,Linux Hosting: Large,hostingaccount,false
Domain Addition,Website Builder: Small,hostingaccount,true
Domain Addition,Website Builder: Medium,hostingaccount,true
Domain Addition,DISCONTINUED - Website Builder: Large,hostingaccount,true
Domain Addition,Linux Hosting: Small,hostingaccount,true
Domain Addition,Plesk Linux Hosting: Medium,hostingaccount,false
Domain Addition,Plesk Linux Hosting: Large,hostingaccount,false
Email,Email: Medium,hostingaccount,false
Email,Email: Large,hostingaccount,false
Email,DISCONTINUED - [SA] Reseller Email Premium (VISP),hostingaccount,true
Email,[SA] Reseller Email Premium Plus (VISP),hostingaccount,true
Email,[SA] Email Standard,hostingaccount,true
Email,[US] Email Standard,hostingaccount,true
Email,[US] Email Corporate,hostingaccount,true
Email,[SA] Email Corporate,hostingaccount,true
Email,DISCONTINUED - ADSL Email Account,other,true
Email,Mail Purge 1 - 9 Domains,other,true
Email,Individual Email Account,other,true
Email,Email: X Large,hostingaccount,true
Email Archiving,Email Archiving,other,true
Govchain,Website Builder Basic (GC),hostingaccount,false
Govchain,Website Builder Standard (GC),hostingaccount,false
Govchain,Website Builder Premium (GC),hostingaccount,false
LeadGen,DISCONTINUED - LeadGen: Small,other,true
LeadGen,LeadGen: Medium,other,true
Legacy Hosting,DISCONTINUED - Cpprop Custom Plan,other,true
Legacy Hosting,DISCONTINUED - LAN Custom,other,true
Legacy Hosting,Dedicated IP Address (ADSL ACL),other,true
Legacy Hosting,DISCONTINUED - [Add on] ASP.NET,other,true
Legacy Hosting,[Add on] Cold Fusion,other,true
Legacy Hosting,[Add on] Development Server,other,true
Legacy Hosting,[Add on] Domain,other,true
Legacy Hosting,DISCONTINUED - [Add on] Dynamic DNS,other,true
Legacy Hosting,DISCONTINUED - [Add on] Frontpage 2002 Extensions,other,true
Legacy Hosting,DISCONTINUED - [Add on] POP3 Email Account,other,true
Legacy Hosting,DISCONTINUED - [Add on] Sql server 2000,other,true
Legacy Hosting,[SA] Additional Bandwidth (per GB),other,true
Legacy Hosting,[US] Additional Bandwidth (per GB),other,true
Legacy Hosting,Additional POP3 Email Accounts,other,true
Legacy Hosting,Domain Forwarding,other,true
Legacy Hosting,Domain Management,other,true
Legacy Hosting,[Add on] 1GB Disk Space,other,true
Legacy Hosting,[Add on] 1mb Disk Space,other,true
Legacy Hosting,DISCONTINUED - [Add on] ASP,other,true
Linux - VPS,TEST - managed VPS KVM,server,false
Local Reseller Hosting,DISCONTINUED - Local Reseller - Bronze,reselleraccount,true
Local Reseller Hosting,DISCONTINUED - Local Reseller - Gold,reselleraccount,true
Local Reseller Hosting,DISCONTINUED - Local Reseller - Diamond,reselleraccount,true
Local Web Hosting,DISCONTINUED - Personal,hostingaccount,true
Local Web Hosting,DISCONTINUED - Blogger,hostingaccount,true
Local Web Hosting,DISCONTINUED - Business,hostingaccount,true
Local Web Hosting,DISCONTINUED - Pro,hostingaccount,true
Local Web Hosting,DISCONTINUED - Custom-eurobridecoza,hostingaccount,true
Local Web Hosting,DISCONTINUED - Personal - Test,hostingaccount,true
Nexus Hosting Packages (Migration),DISCONTINUED - Windows: Small,hostingaccount,true
Nexus Hosting Packages (Migration),DISCONTINUED - Windows: Medium,hostingaccount,true
Nexus Hosting Packages (Migration),DISCONTINUED - Windows: Large,hostingaccount,true
Nexus Hosting Packages (Migration),DISCONTINUED - Linux: Small,hostingaccount,true
Nexus Hosting Packages (Migration),DISCONTINUED - Linux: Medium,hostingaccount,true
Nexus Hosting Packages (Migration),DISCONTINUED - Linux: Large,hostingaccount,true
Nexus Hosting Packages (Migration),DISCONTINUED - Linux: XXX Small,hostingaccount,true
Nitro Unlimited Hosting,DISCONTINUED - [SA] Nitro Unlimited: Windows Basic (WSP),hostingaccount,true
Nitro Unlimited Hosting,DISCONTINUED - [SA] Nitro Unlimited: Windows Standard (WSP),hostingaccount,true
Nitro Unlimited Hosting,DISCONTINUED - [SA] Nitro Unlimited: Windows Advanced (WSP),hostingaccount,true
Nitro Unlimited Hosting,DISCONTINUED - [SA] Nitro Unlimited: Windows Pro (WSP),hostingaccount,true
Nitro Unlimited Hosting,[SA] Nitro Unlimited: Windows Micro,hostingaccount,true
Nitro Unlimited Hosting,[SA] Nitro Unlimited: Windows Micro Plus,hostingaccount,true
Nitro Unlimited Hosting,[SA] Nitro Unlimited: Windows Basic,hostingaccount,true
Nitro Unlimited Hosting,[SA] Nitro Unlimited: Windows Standard,hostingaccount,true
Nitro Unlimited Hosting,[SA] Nitro Unlimited: Windows Advanced,hostingaccount,true
Nitro Unlimited Hosting,[SA] Nitro Unlimited: Windows Pro,hostingaccount,true
Nitro Unlimited Hosting,[SA] Nitro Unlimited: Windows Platinum,hostingaccount,true
Nitro Unlimited Hosting,[US] Nitro Unlimited: Windows Micro,hostingaccount,true
Nitro Unlimited Hosting,[US] Nitro Unlimited: Windows Micro Plus,hostingaccount,true
Nitro Unlimited Hosting,[US] Nitro Unlimited: Windows Basic,hostingaccount,true
Nitro Unlimited Hosting,[US] Nitro Unlimited: Windows Standard,hostingaccount,true
Nitro Unlimited Hosting,[US] Nitro Unlimited: Windows Advanced,hostingaccount,true
Nitro Unlimited Hosting,[US] Nitro Unlimited: Windows Pro,hostingaccount,true
Nitro Unlimited Hosting,DISCONTINUED - [US] Nitro Unlimited: Windows Platinum,hostingaccount,true
Nitro Unlimited Hosting,DISCONTINUED - [SA] Nitro Unlimited: Linux Micro,hostingaccount,true
Nitro Unlimited Hosting,DISCONTINUED - [SA] Nitro Unlimited: Linux Micro Plus,hostingaccount,true
Nitro Unlimited Hosting,DISCONTINUED - [SA] Nitro Unlimited: Linux Basic,hostingaccount,true
Nitro Unlimited Hosting,DISCONTINUED - [SA] Nitro Unlimited: Linux Standard,hostingaccount,true
Nitro Unlimited Hosting,DISCONTINUED - [SA] Nitro Unlimited: Linux Advanced,hostingaccount,true
Nitro Unlimited Hosting,DISCONTINUED - [SA] Nitro Unlimited: Linux Pro,hostingaccount,true
Nitro Unlimited Hosting,DISCONTINUED - [SA] Nitro Unlimited: Linux Platinum,hostingaccount,true
Nitro Unlimited Hosting,DISCONTINUED - [US] Nitro Unlimited: Linux Micro,hostingaccount,true
Nitro Unlimited Hosting,DISCONTINUED - [US] Nitro Unlimited: Linux Micro Plus,hostingaccount,true
Nitro Unlimited Hosting,DISCONTINUED - [US] Nitro Unlimited: Linux Basic,hostingaccount,true
Nitro Unlimited Hosting,DISCONTINUED - [US] Nitro Unlimited: Linux Standard,hostingaccount,true
Nitro Unlimited Hosting,DISCONTINUED - [US] Nitro Unlimited: Linux Advanced,hostingaccount,true
Nitro Unlimited Hosting,DISCONTINUED - [US] Nitro Unlimited: Linux Pro,hostingaccount,true
Nitro Unlimited Hosting,DISCONTINUED - [US] Nitro Unlimited: Linux Platinum,hostingaccount,true
Other,DISCONTINUED - Cloudflare: Large,other,true
Other,DISCONTINUED - Cloudflare: Medium,other,true
Other,Cloudflare: Small,other,true
Other,Site-Lock Basic,other,true
Other,DISCONTINUED - Site-Lock Premium,other,true
Other,DISCONTINUED - Site-Lock Enterprise,other,true
Other,DISCONTINUED - Pinelands IDC - Rack Bundled Power,other,true
Other,cWatch - Starter,other,true
Other,cWatch - Pro,other,true
Other,cWatch - Premium,other,true
Other,cWatch - Basic,other,true
Other,Marketing Development Funds,other,true
Other,Domain Essentials (Including ID Privacy),other,false
Other,Domain Essentials - CP (Including ID Privacy),hostingaccount,false
Other,DISCONTINUED - Transit Fee,other,true
Other,RV Sitebuilder License,hostingaccount,true
PPC,DISCONTINUED - PPC: Large,other,true
PPC,DISCONTINUED - PPC: Medium,other,true
PPC,DISCONTINUED - PPC: Small,other,true
Pre-Paid Broadband ADSL,DISCONTINUED - Pre-Paid 1GB ADSL,other,true
Pre-Paid Broadband ADSL,DISCONTINUED - Pre-Paid 3GB ADSL,other,true
Pre-Paid Broadband ADSL,DISCONTINUED - Pre-Paid 5GB ADSL,other,true
Pre-Paid Broadband ADSL,DISCONTINUED - Pre-Paid 8GB ADSL,other,true
Proxmox,Proxmox VE VPS &amp; CLoud - VPS KVM,server,false
Reseller Accounts,[SA] Reseller Standard,reselleraccount,true
Reseller Accounts,[US] Reseller Standard,reselleraccount,true
Reseller Accounts,[SA] Reseller Starter,reselleraccount,true
Reseller Accounts,[US] Reseller Starter,reselleraccount,true
Reseller Accounts,[SA] Reseller Platinum,reselleraccount,true
Reseller Accounts,[US] Reseller Platinum,reselleraccount,true
Reseller Accounts,[SA] Reseller Easy Standard,reselleraccount,true
Reseller Accounts,[SA] Reseller Easy Starter,reselleraccount,true
Reseller Accounts,DISCONTINUED - [SA] Reseller Easy Platinum,reselleraccount,true
Reseller Accounts,[US] Reseller Easy Standard,reselleraccount,true
Reseller Accounts,[US] Reseller Easy Starter,reselleraccount,true
Reseller Accounts,DISCONTINUED - [US] Reseller Easy Platinum,reselleraccount,true
Reseller Accounts,DISCONTINUED - [SA] Linux: Reseller Starter,reselleraccount,true
Reseller Accounts,DISCONTINUED - [SA] Linux: Reseller Standard,reselleraccount,true
Reseller Accounts,DISCONTINUED - [SA] Linux: Reseller Platinum,reselleraccount,true
Reseller Accounts,DISCONTINUED - [US] Linux: Reseller Starter,reselleraccount,true
Reseller Accounts,DISCONTINUED - [US] Linux: Reseller Standard,reselleraccount,true
Reseller Accounts,DISCONTINUED - [US] Linux: Reseller Platinum,reselleraccount,true
Reseller Accounts,DISCONTINUED - [SA] Reseller Diamond,reselleraccount,true
Reseller Accounts,DISCONTINUED - [US] Reseller Standard - 60GB,reselleraccount,true
Reseller Business VPS Hosting,DISCONTINUED - Reseller Business VPS: Small,server,true
Reseller Business VPS Hosting,DISCONTINUED - Reseller Business VPS: Medium,server,true
Reseller Business VPS Hosting,Reseller Business VPS: Large,server,true
Reseller Business VPS Hosting,Reseller Business VPS: X Large,server,true
Reseller Hosting,Reseller (cPanel): X Large,reselleraccount,false
Reseller Hosting,Reseller (cPanel): Large,reselleraccount,false
Reseller Hosting,Reseller (cPanel): Medium,reselleraccount,false
Reseller Hosting,Reseller (cPanel): Small,reselleraccount,false
Reseller Hosting,Reseller (Windows): Small,reselleraccount,false
Reseller Hosting,Reseller (Windows): Medium,reselleraccount,false
Reseller Hosting,Reseller (Windows): Large,reselleraccount,false
Reseller Hosting,Reseller (Windows): X Large,reselleraccount,false
Reseller Hosting,[SA] Windows Starter (Helm),reselleraccount,false
Reseller Hosting,[SA] Windows Standard (Helm),reselleraccount,false
Reseller Hosting,[SA] Windows Advanced (Helm),reselleraccount,false
Reseller Hosting,[SA] Windows Pro (Helm),reselleraccount,false
Reseller Hosting,DISCONTINUED - [US] Windows Starter (Helm),reselleraccount,false
Reseller Hosting,DISCONTINUED - [US] Windows Standard (Helm),reselleraccount,false
Reseller Hosting,DISCONTINUED - [US] Windows Pro (Helm),reselleraccount,false
Reseller Hosting,DISCONTINUED - [SA] Linux Starter,reselleraccount,false
Reseller Hosting,DISCONTINUED - [SA] Linux Standard,reselleraccount,false
Reseller Hosting,DISCONTINUED - [SA] Linux Advanced,reselleraccount,false
Reseller Hosting,DISCONTINUED - [SA] Linux Pro,reselleraccount,false
Reseller Hosting,DISCONTINUED - [US] Linux Starter (Plesk),reselleraccount,false
Reseller Hosting,DISCONTINUED - [US] Linux Standard (Plesk),reselleraccount,false
Reseller Hosting,DISCONTINUED - [US] Linux Advanced (Plesk),reselleraccount,false
Reseller Hosting,DISCONTINUED - [US] Linux Pro (Plesk),reselleraccount,false
Reseller Hosting,DISCONTINUED - [SA] Windows Ultimate Custom (Helm),reselleraccount,false
Reseller Hosting,[US] Windows Ultimate Custom (Helm),reselleraccount,false
Reseller Hosting,[SA] Windows Ultimate Custom,reselleraccount,false
Reseller Hosting,DISCONTINUED - [SA] Linux Ultimate Custom (Plesk) (Hidden),reselleraccount,false
Reseller Hosting,Reseller (Windows Plesk): Medium,reselleraccount,false
Reseller Hosting,Reseller (Windows Plesk): Large,reselleraccount,false
Reseller Hosting,Reseller (Windows Plesk): Small,reselleraccount,false
Reseller Hosting,Reseller (Windows Plesk): X Large,reselleraccount,false
Reseller Hosting,Reseller (Windows Plesk): XX Large,reselleraccount,false
Reseller Hosting,Reseller (Windows Plesk): XXX Large,reselleraccount,false
Reseller Hosting,Reseller (Linux Plesk): Small,reselleraccount,false
Reseller Hosting,Reseller (Linux Plesk): Xlarge,reselleraccount,false
Reseller Hosting,Reseller (Linux Plesk): Large,reselleraccount,false
Reseller Hosting,Reseller (Linux Plesk): Medium,reselleraccount,false
Reseller Hosting,Reseller (Windows Plesk): XXXX Large,reselleraccount,false
Reseller Nitro Unlimited Hosting,DISCONTINUED - Reseller Nitro Unlimited: Windows Micro,reselleraccount,true
Reseller Nitro Unlimited Hosting,DISCONTINUED - Reseller Nitro Unlimited: Windows Micro Plus,reselleraccount,true
Reseller Nitro Unlimited Hosting,DISCONTINUED - Reseller Nitro Unlimited: Windows Basic,reselleraccount,true
Reseller Nitro Unlimited Hosting,Reseller Nitro Unlimited: Windows Advanced,reselleraccount,true
Reseller Nitro Unlimited Hosting,Reseller Nitro Unlimited: Windows Pro,reselleraccount,true
Reseller Nitro Unlimited Hosting,Reseller Nitro Unlimited: Linux Micro,reselleraccount,true
Reseller Nitro Unlimited Hosting,Reseller Nitro Unlimited: Linux Micro Plus,reselleraccount,true
Reseller Nitro Unlimited Hosting,Reseller Nitro Unlimited: Linux Basic,reselleraccount,true
Reseller Nitro Unlimited Hosting,DISCONTINUED - Reseller Nitro Unlimited: Linux Standard,reselleraccount,true
Reseller Nitro Unlimited Hosting,DISCONTINUED - Reseller Nitro Unlimited: Linux Advanced,reselleraccount,true
Reseller Nitro Unlimited Hosting,DISCONTINUED - Reseller Nitro Unlimited: Linux Pro,reselleraccount,true
Reseller Packages,DISCONTINUED - Reseller Starter,reselleraccount,true
Reseller Packages,DISCONTINUED - SMME,reselleraccount,true
Reseller Packages,DISCONTINUED - Corporate,reselleraccount,true
Reseller Packages,DISCONTINUED - Ultimate,reselleraccount,true
Reseller Shared Hosting (VISP), [SA] Reseller Shared .Net: X Small (VISP),hostingaccount,true
Reseller Shared Hosting (VISP),[SA] Reseller Shared .Net: Medium (VISP),hostingaccount,true
Reseller Shared Hosting (VISP),[SA] Reseller Shared .Net: Large (VISP),hostingaccount,true
Reseller Shared Hosting (VISP),[SA] Reseller Shared .Net: Small (VISP),hostingaccount,true
Reseller Shared Hosting (VISP),[SA] Reseller Shared: X Small (VISP),hostingaccount,true
Reseller Shared Hosting (VISP),[SA] Reseller Shared: Medium (VISP),hostingaccount,true
Reseller Shared Hosting (VISP),[SA] Reseller Shared: Large (VISP),hostingaccount,true
Reseller Shared Hosting (VISP),[SA] Reseller Shared: Small (VISP),hostingaccount,true
Reseller Shared Hosting (VISP),[SA] Reseller Shared: X Large (VISP),hostingaccount,true
Reseller Shared Hosting (VISP),[SA] Reseller Shared: XX Large (VISP),hostingaccount,true
Reseller Virtual Private Servers,Reseller VPS: X Small,server,true
Reseller Virtual Private Servers,Reseller VPS: Small,server,true
Reseller Virtual Private Servers,Reseller VPS: Medium,server,true
Reseller Virtual Private Servers,Reseller VPS: Large,server,true
Reseller Virtual Private Servers,DISCONTINUED - Reseller VPS: X Large,server,true
Sectigo Products,DISCONTINUED - PositiveSSL EV Multi-domain Certificate - 1 Year (EV),other,true
Sectigo Products,DISCONTINUED - PositiveSSL EV Multi-domain Certificate - 2 Year (EV),other,true
Sectigo Products,DISCONTINUED - PositiveSSL EV Multi-domain Certificate - 3 Year (EV),other,true
Sectigo Products,DISCONTINUED - PositiveSSL EV Multi-domain Certificate - 4 Year (EV),other,true
Sectigo Products,DISCONTINUED - PositiveSSL EV Multi-domain Certificate - 5 Year (EV),other,true
Sectigo Products,DISCONTINUED - InstantSSL OV Certificate (OV),other,true
Sectigo Products,DISCONTINUED - InstantSSL OV Wildcard Certificate (OV),other,true
Server Maintenance,DISCONTINUED - Pro Level Maintenance,hostingaccount,true
Social,DISCONTINUED - Facebook Boost,other,true
Social,DISCONTINUED - Social Marketer: Small,other,false
Social,DISCONTINUED - Social Marketer: Medium,other,false
Social,DISCONTINUED - Social Marketer: Large,other,false
Software (Legacy),DISCONTINUED - Office 2013 Standard,other,true
Software (Legacy),DISCONTINUED - Windows 8 Professional,other,true
Specials,DISCONTINUED - Go Grid,hostingaccount,true
Specials,DISCONTINUED - The In Betweener,hostingaccount,true
Specials,DISCONTINUED - Test,other,false
SSL Certificates,Rapid SSL,other,false
SSL Certificates,Rapid SSL - Geotrust,other,false
SSL Certificates,DISCONTINUED - Quick SSL - Geotrust,other,false
SSL Certificates,DISCONTINUED - True Business ID - Geotrust,other,false
SSL Certificates,DISCONTINUED - Verisign - Secure Site,other,false
SSL Certificates,Comodo Essential SSL Certificate,other,false
SSL Certificates,DISCONTINUED - LetsEncrypt SSL,other,false
SSL Certificates,Comodo EV SSL Certificate,other,false
SSL Certificates,Comodo EssentialSSL Wildcard Certificate,other,false
SSL Certificates,Thawte SSL123 Certificates,other,false
SSL Certificates,Thawte SSLWebserver EV ,other,false
SSL Certificates,Thawte Wildcard SSL Certificate,other,false
SSL Certificates,Comodo Multi-Domain SSL Certificate,other,false
SSL Certificates,SSL Certificates - Sectigo Test,other,false
SSL Certificates,Positive SSL Certificate (DV),other,false
SSL Certificates,Positive SSL Wildcard Certificate (DV),other,false
SSL Certificates,Positive SSL Multi-Domain Certificate,other,false
SSL Certificates,Positive SSL Extended Validation Certificate (EV),other,false
SSL Certificates - Imported,DISCONTINUED - RapidSSL Certificate,other,false
SSL Certificates - Imported,DISCONTINUED - FreeSSL (RapidSSL 30-Day Trial),other,false
SSL Certificates - Imported,DISCONTINUED - RapidSSL Wildcard Certificate,other,false
SSL Certificates - Imported,DISCONTINUED - Comodo EV Multi-Domain,other,false
SSL Certificates - Imported,DISCONTINUED - Comodo EV SSL,other,false
SSL Certificates - Imported,DISCONTINUED - InstantSSL (OV),other,false
SSL Certificates - Imported,DISCONTINUED - InstantSSL Pro (OV),other,false
SSL Certificates - Imported,DISCONTINUED - Comodo Multi-Domain SSL (OV),other,false
SSL Certificates - Imported,DISCONTINUED - Comodo PositiveSSL,other,false
SSL Certificates - Imported,DISCONTINUED - Comodo PositiveSSL Wildcard,other,false
SSL Certificates - Imported,DISCONTINUED - InstantSSL Premium (OV),other,false
SSL Certificates - Imported,DISCONTINUED - InstantSSL Premium Wildcard (OV),other,false
SSL Certificates - Imported,DISCONTINUED - Comodo SSL Certificate (DV),other,false
SSL Certificates - Imported,DISCONTINUED - Comodo Wildcard SSL Certificate (DV),other,false
SSL Certificates - Imported,DISCONTINUED - Comodo Unified Communications Certificate,other,false
SSL Certificates - Imported,DISCONTINUED - Comodo Domain Validated UCC SSL,other,false
SSL Certificates - Imported,DISCONTINUED - Comodo PositiveSSL Multi-Domain,other,false
SSL Certificates - Imported,DISCONTINUED - Enterprise SSL,other,false
SSL Certificates - Imported,DISCONTINUED - Enterprise SSL Pro,other,false
SSL Certificates - Imported,DISCONTINUED - Enterprise SSL Pro Wildcard,other,false
SSL Certificates - Imported,DISCONTINUED - Enterprise SSL Pro with EV,other,false
SSL Certificates - Imported,DISCONTINUED - Enterprise SSL Pro with EV Multi-Domain,other,false
SSL Certificates - Imported,DISCONTINUED - Comodo PositiveSSL Multi-Domain Wildcard,other,false
SSL Certificates - Imported,DISCONTINUED - Comodo OV Unified Communications Wildcard,other,false
SSL Certificates - Imported,DISCONTINUED - Comodo Multi-Domain Wildcard (OV),other,false
SSL Certificates - Imported,DISCONTINUED - Comodo Personal Authentication Basic Certificate,other,false
SSL Certificates - Imported,DISCONTINUED - Comodo Personal Authentication Pro Certificate,other,false
SSL Certificates - Imported,DISCONTINUED - Comodo Personal Authentication Enterprise Certificate,other,false
SSL Certificates - Imported,DISCONTINUED - Thawte SSL Web Server Multi-Domain Wildcard,other,false
SSL Certificates - Imported,DISCONTINUED - Basic Web Site Anti-Malware Scan,other,false
SSL Certificates - Imported,DISCONTINUED - PositiveSSL EV,other,false
SSL Certificates - Imported,DISCONTINUED - Positive SSL EV Multi-Domain,other,false
Test,DISCONTINUED - Test,hostingaccount,true
Testing VPS.NET,DISCONTINUED - VPS1,server,true
Virtual Private Servers,Hyper-V VPS (Windows): X Small,server,false
Virtual Private Servers,Hyper-V VPS (Windows): Small,server,false
Virtual Private Servers,Hyper-V VPS (Windows): Medium,server,false
Virtual Private Servers,Hyper-V VPS (Windows): Large,server,false
Virtual Private Servers,Hyper-V VPS (Windows): X Large,server,false
Virtual Private Servers,DISCONTINUED - KVM - VPS-TRIAL,server,false
Virtual Private Servers,KVM VPS: Small,server,false
Virtual Private Servers,KVM VPS: Medium,server,false
Virtual Private Servers,KVM VPS: Large,server,false
Virtual Private Servers,DISCONTINUED - TEST KVM Business VPS,server,false
Virtual Private Servers,Hyper-V VPS (Linux): X Small,server,false
Virtual Private Servers,Hyper-V VPS (Linux): Small,server,false
Virtual Private Servers,Hyper-V VPS (Linux): Medium,server,false
Virtual Private Servers,Hyper-V VPS (Linux): Large,server,false
Virtual Private Servers,Hyper-V VPS (Linux): X Large,server,false
VPN,1-grid VPN,hostingaccount,true
VPS (Virtual Private Servers),DISCONTINUED - Virtual Newbie,server,true
VPS (Virtual Private Servers),Virtual Advanced,server,true
VPS (Virtual Private Servers),DISCONTINUED - Virtual Techie,server,true
VPS (Virtual Private Servers),DISCONTINUED - Virtual Guru,server,true
VPS (Virtual Private Servers),DISCONTINUED - Virtual Master,server,true
WB Website Design,Linux Hosting: Small (Webuzo),hostingaccount,true
Web Hosting,Linux Hosting: Domain Parking,hostingaccount,false
Web Hosting,Linux Hosting: Medium,hostingaccount,false
Web Hosting,Linux Hosting: Small,hostingaccount,false
Web Hosting,Linux Hosting: X Small,hostingaccount,false
Web Hosting,Linux Hosting: XX Small,hostingaccount,false
Web Hosting,DISCONTINUED - Test eft,hostingaccount,false
Web Hosting,DISCONTINUED - test product,other,false
Web Hosting,Domain Parking,hostingaccount,false
Web Hosting,Domain Parking (WSP),hostingaccount,false
Web Hosting,.net Hosting: Small,hostingaccount,false
Web Hosting,.net Hosting: Medium,hostingaccount,false
Web Hosting,.net Hosting: X Small,hostingaccount,false
Web Hosting,DISCONTINUED - [SA] Windows Ultimate Custom (Helm),hostingaccount,false
Web Hosting,DISCONTINUED - cPanel Products,hostingaccount,false
Web Hosting,Linux Hosting: Large,hostingaccount,false
Web Hosting,Linux Hosting: Large,hostingaccount,false
Web Hosting,DISCONTINUED - Linux Hosting: X Large,hostingaccount,false
Web Hosting,DISCONTINUED - Linux Hosting: XX Large,hostingaccount,false
Web Hosting,DISCONTINUED - Linux Hosting: XXX Large,hostingaccount,false
Web Hosting,DISCONTINUED - Linux Hosting: XXXX Large,hostingaccount,false
Web Hosting,DISCONTINUED - .net Hosting: Large,hostingaccount,false
Web Hosting,DISCONTINUED - .net Hosting: X Large,hostingaccount,false
Web Hosting,DISCONTINUED - .net Hosting: XX Large,hostingaccount,false
Web Hosting,DISCONTINUED - .net Hosting: XXX Large,hostingaccount,false
Web Hosting,DISCONTINUED - .net Hosting: XXXX Large,hostingaccount,false
Web Hosting,Windows Plesk: Medium,hostingaccount,false
Web Hosting,Windows Plesk: Small,hostingaccount,false
Web Hosting,Windows Plesk: Large,hostingaccount,false
Web Hosting,Linux Hosting: Medium 2.0,hostingaccount,false
Web Hosting,DISCONTINUED - Marketing Hosting: Test,hostingaccount,false
Web Hosting,Windows Plesk: X Large,hostingaccount,false
Web Hosting,Parked - Email DNS Only,hostingaccount,false
Web Hosting,Windows Plesk: 1GB,hostingaccount,false
Web Hosting,Windows Plesk: 3GB,hostingaccount,false
Web Hosting,Windows Plesk: XX Large,hostingaccount,false
Web Hosting,Windows Plesk: XXX Large,hostingaccount,false
Web Hosting,Windows Plesk: XXXX Large,hostingaccount,false
Web Hosting,Domain Parking: Website Builder,hostingaccount,false
Web Hosting,Windows Plesk: Small,hostingaccount,false
Web Hosting,DISCONTINUED - Web Hosting - Windows Plesk: XXXX Large_1,hostingaccount,false
Web Hosting,Windows Plesk: Medium,hostingaccount,false
Web Hosting,Windows Plesk: Large,hostingaccount,false
Web Hosting,DISCONTINUED - Windows Plesk: X Large,hostingaccount,false
Web Hosting,DISCONTINUED - Windows Plesk: XX Large,hostingaccount,false
Web Hosting,DISCONTINUED - Windows Plesk: XXX Large,hostingaccount,false
Web Hosting,DISCONTINUED - Windows Plesk: XXXX Large,hostingaccount,false
Web Hosting,Plesk Parked: Small,hostingaccount,false
Web Hosting,DISCONTINUED - Plesk Parked: Medium,hostingaccount,false
Web Hosting,DISCONTINUED - Plesk Parked: Large,hostingaccount,false
Web Hosting,DISCONTINUED - Plesk Parked: X Large,hostingaccount,false
Web Hosting,Plesk Parked: DNS Only,hostingaccount,false
Web Hosting,Plesk Linux Hosting: Small,hostingaccount,false
Web Hosting,Plesk Linux Hosting: Medium,hostingaccount,false
Web Hosting,Plesk Linux Hosting: Large,hostingaccount,false
Web Hosting,Plesk Linux Hosting: XLarge,hostingaccount,false
Web Hosting,Plesk Linux Hosting: XX Large,hostingaccount,false
Web Hosting,Plesk Linux Hosting: XXX Large,hostingaccount,false
Web Hosting,Plesk Linux Hosting: Small,hostingaccount,false
Web Hosting,Plesk Linux Hosting: Medium,hostingaccount,false
Web Hosting,Plesk Linux Hosting: Large,hostingaccount,false
Web Hosting,DISCONTINUED - Plesk Linux Hosting: XLarge,hostingaccount,false
Web Hosting,Plesk Linux Hosting: XX Large,hostingaccount,false
Web Hosting,Plesk Linux Hosting: XXX Large,hostingaccount,false
Web Hosting,Windows Plesk: 5XLarge,hostingaccount,false
Web Hosting,DISCONTINUED - Windows Plesk: XXXXX Large,hostingaccount,false
Web Hosting,DISCONTINUED - Windows Plesk: 6XLarge,hostingaccount,false
Web Hosting,DISCONTINUED - Windows Plesk: XXXXXX Large,hostingaccount,false
Web Hosting,DISCONTINUED - Plesk Linux Hosting: 10XLarge,hostingaccount,false
Web Hosting,Windows Plesk: 10XLarge,hostingaccount,false
Web Hosting,Plesk Linux Hosting: Litespeed Large,hostingaccount,false
Web Hosting,Plesk Linux Hosting: Litespeed Medium,hostingaccount,false
Web Hosting,Plesk Linux Hosting: Litespeed Small,hostingaccount,false
Web Hosting,DISCONTINUED - Plesk Linux Hosting: Litespeed XLarge,hostingaccount,false
Web Hosting,Linux Hosting: 5XL,hostingaccount,false
Web Hosting,Linux Hosting: 6XL,hostingaccount,false
Web Hosting,Linux Hosting: 7XL,hostingaccount,false
Web Hosting,Linux Hosting: Medium,hostingaccount,false
Web Hosting,Linux Hosting: Small,hostingaccount,false
Web Hosting,WB Hosting :Medium,hostingaccount,false
Web Hosting (Old Unlimited),Linux Hosting: XXXX Large,hostingaccount,false
Web Hosting (Old Unlimited),Linux Hosting: XXX Large,hostingaccount,false
Web Hosting (Old Unlimited),Linux Hosting: XX Large,hostingaccount,false
Web Hosting (Old Unlimited),Linux Hosting: X Large,hostingaccount,false
Web Hosting (Old Unlimited),Linux Hosting: Large,hostingaccount,false
Web Hosting (Old Unlimited),.net Hosting: Large,hostingaccount,false
Web Hosting (Old Unlimited),.net Hosting: X Large,hostingaccount,false
Web Hosting (Old Unlimited),.net Hosting: XX Large,hostingaccount,false
Web Hosting (Old Unlimited),DISCONTINUED - .net Hosting: XXX Large,hostingaccount,false
Web Hosting (Old Unlimited),.net Hosting: XXXX Large,hostingaccount,false
Web Hosting - Legacy,DISCONTINUED - Basic,hostingaccount,true
Web Hosting - Legacy,DISCONTINUED - Corporate Discounted,hostingaccount,true
Web Hosting - Legacy,DISCONTINUED - Corporate Wicked,hostingaccount,true
Web Hosting - Legacy,DISCONTINUED - cus1,hostingaccount,true
Web Hosting Packages,DISCONTINUED - Newbie (Legacy),hostingaccount,true
Web Hosting Packages,DISCONTINUED - Techie,hostingaccount,true
Website Builder,Website Builder(CP): Large,hostingaccount,true
Website Builder,Website Builder(CP): Medium,hostingaccount,false
Website Builder,Website Builder(CP): Small,hostingaccount,true
Website Builder,Website Builder: 14 Day Trial,hostingaccount,true
Website Builder,Website Builder - Company Registration,hostingaccount,false
Website Builder,Website Builder: Basic,hostingaccount,false
Website Builder,Website Builder: Standard,hostingaccount,false
Website Builder,Website Builder: Premium,hostingaccount,false
Website Builder,DISCONTINUED - Website Builder: 30 day trial,hostingaccount,false
Website Design,Website Design: X Small,hostingaccount,true
Website Design,Website Design: Medium,hostingaccount,true
Website Design,Website Design: Large,hostingaccount,true
Website Design,Sitemaker,hostingaccount,true
Website Design,Website Design: Small,hostingaccount,true
Website Design,DISCONTINUED - Web Design: Small,hostingaccount,true
Website Design,DISCONTINUED - Website Design - CUSTOM,hostingaccount,true
Website Design,DISCONTINUED - Business Essentials,hostingaccount,true
Website Design,Once-off Build,hostingaccount,true
Website Design,DISCONTINUED - Website Design - Once-off Build (10 pages),hostingaccount,true
Website Design,Website Design: X Large,hostingaccount,true
Website Design,Website Design: Once-off Build,hostingaccount,true
Website Design,Once-Off Website Design,other,true
Website Design,WB Website Design : Small,hostingaccount,true
Website Design,WB Website Design : Medium,hostingaccount,true
Website Design,WB Website Design : Large,hostingaccount,true
Website Design,WB Website Design : X Large,hostingaccount,true
Website Rank,Website Rank: Medium,other,true
Website Rank,Website Rank: Small,other,true
Website Rank,DISCONTINUED - Website Rank: Small (Add on),other,true
Windows Web Hosting,DISCONTINUED - Windows Starter,hostingaccount,true
Windows Web Hosting,DISCONTINUED - Windows Basic,hostingaccount,true
Windows Web Hosting,DISCONTINUED - Windows Standard,hostingaccount,true
Windows Web Hosting,DISCONTINUED - Windows Corporate,hostingaccount,true
WordPress Hosting,WordPress Hosting - Small,hostingaccount,false
WordPress Hosting,WordPress Hosting - Medium,hostingaccount,false
WordPress Hosting,WordPress Hosting - Large,hostingaccount,false
[SA] Reseller Dedicated Hosting,Reseller Server,server,true
[SA] Reseller Dedicated Hosting,DISCONTINUED - Reseller Server+,server,true
[SA] Reseller Dedicated Hosting,Reseller Managed,server,true
[SA] Reseller Dedicated Hosting,Reseller Managed+,server,true
