service_group,service_type
1-grid Server Backup,1-grid Server Backup
Business Email,Business-in-a-box - Email Lite
Business Email,Email Basic
Business Email,Email Lite
Business Email,Email Pro
Business VPS Hosting,Business VPS: Large
Business VPS Hosting,Business VPS: Medium
Business VPS Hosting,Business VPS: Small
Business VPS Hosting,Business VPS: X Large
Company Registration,Company Registration
Custom Packages,ALY78 - 2 x Server(2U) Mobinow Cluster
Custom Packages,ALY78 2x Server(2U) Mobicred Cluster
Custom Packages,Bespoke - Managed Business VPS
Custom Packages,MoyaApp - Enterprise Hosting Solution
Custom Packages,Orphan
Custom Packages,PRX02-WIN10 Custom Enterprise Server
Dedicated IP Addresses,Dedicated IP Address
Dedicated Servers,1U Rack Space
Dedicated Servers,Enterprise Server
Dedicated Servers,Enterprise Server+
Dedicated Servers,IP Transit
Dedicated Servers,Managed
Dedicated Servers,Managed+
Dedicated Servers,Server
Dedicated Servers,Server+
Dedicated Servers (OLD),DISCONTINUED - Dedicated Server Special Popular Demand
Do it For Me - Website Design,Do It For Me - Website Design (DIFM Basic)
Do it For Me - Website Design,Do It For Me - Website Design (DIFM Premium)
Do it For Me - Website Design,Do It For Me - Website Design (DIFM Standard)
Do it For Me - Website Design,Do It For Me - Website Design old one
Do it For Me - Website Design,Website Migration Once-off
Domain Addition,DISCONTINUED - Linux Hosting: Medium 2.0
Domain Addition,DISCONTINUED - Website Builder: Large
Domain Addition,Linux Hosting: Large
Domain Addition,Linux Hosting: Medium
Domain Addition,Linux Hosting: Small
Domain Addition,Plesk Linux Hosting: Large
Domain Addition,Plesk Linux Hosting: Medium
Domain Addition,Website Builder: Large
Domain Addition,Website Builder: Medium
Domain Addition,Website Builder: Small
Domains,academy
Domains,africa
Domains,ai
Domains,archi
Domains,at
Domains,au
Domains,beer
Domains,bike
Domains,biz
Domains,business
Domains,bz
Domains,cafe
Domains,capetown
Domains,cc
Domains,ch
Domains,click
Domains,clothing
Domains,cloud
Domains,club
Domains,co
Domains,co.com
Domains,co.nz
Domains,co.uk
Domains,co.za
Domains,co.za_old
Domains,co.zaz
Domains,coach
Domains,com
Domains,company
Domains,construction
Domains,de
Domains,dev
Domains,diamonds
Domains,directory
Domains,durban
Domains,education
Domains,email
Domains,energy
Domains,es
Domains,estate
Domains,eu
Domains,expert
Domains,fm
Domains,fun
Domains,gallery
Domains,global
Domains,graphics
Domains,guru
Domains,holdings
Domains,ie
Domains,info
Domains,io
Domains,joburg
Domains,land
Domains,life
Domains,lighting
Domains,link
Domains,live
Domains,ltd
Domains,management
Domains,me
Domains,mobi
Domains,name
Domains,net
Domains,net.za
Domains,ninja
Domains,nl
Domains,nz
Domains,online
Domains,org
Domains,org.uk
Domains,org.za
Domains,photography
Domains,shop
Domains,site
Domains,solar
Domains,solutions
Domains,space
Domains,store
Domains,support
Domains,systems
Domains,tech
Domains,technology
Domains,tips
Domains,today
Domains,tours
Domains,training
Domains,travel
Domains,tv
Domains,uk
Domains,us
Domains,ventures
Domains,vip
Domains,web.za
Domains,website
Domains,work
Domains,xyz
Domains,za.com
Email Archiving,Email Archiving
Linux - VPS,TEST - managed VPS KVM
Nexus Hosting Packages (Migration),DISCONTINUED - Linux: Medium
Nexus Hosting Packages (Migration),DISCONTINUED - Linux: Small
Other,cWatch - Basic
Other,cWatch - Premium
Other,cWatch - Pro
Other,cWatch - Starter
Other,DISCONTINUED - Cloudflare: Medium
Other,Domain Essentials - CP (Including ID Privacy)
Other,Domain Essentials (Including ID Privacy)
Other,Site-Lock Basic
Reseller Business VPS Hosting,DISCONTINUED - Reseller Business VPS: Medium
Reseller Hosting,Reseller (cPanel): Large
Reseller Hosting,Reseller (cPanel): Medium
Reseller Hosting,Reseller (cPanel): Small
Reseller Hosting,Reseller (cPanel): X Large
Reseller Hosting,Reseller (Linux Plesk): Large
Reseller Hosting,Reseller (Linux Plesk): Medium
Reseller Hosting,Reseller (Linux Plesk): Small
Reseller Hosting,Reseller (Linux Plesk): Xlarge
Reseller Hosting,Reseller (Windows Plesk): Large
Reseller Hosting,Reseller (Windows Plesk): Medium
Reseller Hosting,Reseller (Windows Plesk): Small
Reseller Hosting,Reseller (Windows Plesk): X Large
Reseller Hosting,Reseller (Windows Plesk): XX Large
Reseller Hosting,Reseller (Windows Plesk): XXX Large
Reseller Hosting,Reseller (Windows): Large
Reseller Hosting,Reseller (Windows): Medium
Reseller Hosting,Reseller (Windows): Small
Reseller Hosting,Reseller (Windows): X Large
Reseller Virtual Private Servers,Reseller VPS: Large
SSL Certificates,Comodo Essential SSL Certificate
SSL Certificates,Comodo EssentialSSL Wildcard Certificate
SSL Certificates,Comodo Multi-Domain SSL Certificate
SSL Certificates,Positive SSL Certificate (DV)
SSL Certificates,Positive SSL Extended Validation Certificate (EV)
SSL Certificates,Positive SSL Multi-Domain Certificate
SSL Certificates,Positive SSL Wildcard Certificate (DV)
SSL Certificates,SSL Certificates - Sectigo Test
SSL Certificates,Thawte SSL123 Certificates
SSL Certificates,Thawte SSLWebserver EV
SSL Certificates,Thawte Wildcard SSL Certificate
SSL Certificates - Imported,DISCONTINUED - PositiveSSL EV
Test,DISCONTINUED - Test
Virtual Private Servers,DISCONTINUED - KVM - VPS-TRIAL
Virtual Private Servers,DISCONTINUED - TEST KVM Business VPS
Virtual Private Servers,Hyper-V VPS (Linux): Large
Virtual Private Servers,Hyper-V VPS (Linux): Medium
Virtual Private Servers,Hyper-V VPS (Linux): Small
Virtual Private Servers,Hyper-V VPS (Linux): X Large
Virtual Private Servers,Hyper-V VPS (Linux): X Small
Virtual Private Servers,Hyper-V VPS (Windows): Large
Virtual Private Servers,Hyper-V VPS (Windows): Medium
Virtual Private Servers,Hyper-V VPS (Windows): Small
Virtual Private Servers,Hyper-V VPS (Windows): X Large
Virtual Private Servers,Hyper-V VPS (Windows): X Small
Virtual Private Servers,KVM VPS: Large
Virtual Private Servers,KVM VPS: Medium
Virtual Private Servers,KVM VPS: Small
VPN,1-grid VPN
Web Hosting,DISCONTINUED - Linux Hosting: X Large
Web Hosting,DISCONTINUED - Linux Hosting: XX Large
Web Hosting,DISCONTINUED - Linux Hosting: XXXX Large
Web Hosting,DISCONTINUED - Plesk Linux Hosting: 10XLarge
Web Hosting,DISCONTINUED - Windows Plesk: XXX Large
Web Hosting,Domain Parking
Web Hosting,Domain Parking (WSP)
Web Hosting,Domain Parking: Website Builder
Web Hosting,Linux Hosting: 5XL
Web Hosting,Linux Hosting: Domain Parking
Web Hosting,Linux Hosting: Large
Web Hosting,Linux Hosting: Medium
Web Hosting,Linux Hosting: Medium 2.0
Web Hosting,Linux Hosting: Small
Web Hosting,Linux Hosting: X Small
Web Hosting,Parked - Email DNS Only
Web Hosting,Plesk Linux Hosting: Large
Web Hosting,Plesk Linux Hosting: Litespeed Medium
Web Hosting,Plesk Linux Hosting: Litespeed Small
Web Hosting,Plesk Linux Hosting: Medium
Web Hosting,Plesk Linux Hosting: Small
Web Hosting,Plesk Linux Hosting: XLarge
Web Hosting,Plesk Linux Hosting: XX Large
Web Hosting,Plesk Linux Hosting: XXX Large
Web Hosting,Plesk Parked: DNS Only
Web Hosting,Plesk Parked: Small
Web Hosting,Windows Plesk: 1GB
Web Hosting,Windows Plesk: 3GB
Web Hosting,Windows Plesk: 5XLarge
Web Hosting,Windows Plesk: Large
Web Hosting,Windows Plesk: Medium
Web Hosting,Windows Plesk: Small
Web Hosting,Windows Plesk: X Large
Web Hosting,Windows Plesk: XX Large
Web Hosting,Windows Plesk: XXX Large
Web Hosting,Windows Plesk: XXXX Large
Web Hosting (Old Unlimited),.net Hosting: Large
Web Hosting (Old Unlimited),Linux Hosting: Large
Web Hosting (Old Unlimited),Linux Hosting: X Large
Web Hosting (Old Unlimited),Linux Hosting: XX Large
Web Hosting (Old Unlimited),Linux Hosting: XXX Large
Web Hosting (Old Unlimited),Linux Hosting: XXXX Large
Website Builder,DISCONTINUED - Website Builder: 30 day trial
Website Builder,Website Builder - Company Registration
Website Builder,Website Builder(CP): Large
Website Builder,Website Builder(CP): Medium
Website Builder,Website Builder(CP): Small
Website Builder,Website Builder: Basic
Website Builder,Website Builder: Premium
Website Builder,Website Builder: Standard
Website Design,DISCONTINUED - Website Design - Once-off Build (10 pages)
Website Design,Once-off Build
Website Design,Once-Off Website Design
Website Design,WB Website Design : Large
Website Design,WB Website Design : Medium
Website Design,WB Website Design : Small
Website Design,Website Design: Large
Website Design,Website Design: Medium
Website Design,Website Design: Once-off Build
Website Design,Website Design: Small
Website Rank,Website Rank: Medium
Website Rank,Website Rank: Small
WordPress Hosting,WordPress Hosting - Large
WordPress Hosting,WordPress Hosting - Medium
WordPress Hosting,WordPress Hosting - Small
